Workbook

Sheet Dashboard
A1: EMPLOYEE TASK MANAGEMENT DASHBOARD
A2: ="Last Updated: "&TEXT(NOW(),"DD-MMM-YYYY HH:MM") -> Last Updated: 11-Aug-2026 01:27
A4: Total Employees | C4: Total Tasks | E4: Completed Tasks | G4: In Progress | I4: Pending Tasks | K4: Delayed Tasks | N4: Status | O4: Count | Q4: Priority | R4: Count
A5: =COUNTA(EmployeeTable[Employee ID]) -> 10 | C5: =COUNTA(TaskTable[Task ID]) -> 15 | E5: =COUNTIF(TaskTable[Status],"Completed") -> 2 | G5: =COUNTIF(TaskTable[Status],"In Progress") -> 9 | I5: =COUNTIF(TaskTable[Status],"To Do")+COUNTIF(TaskTable[Status],"On Hold") -> 4 | K5: =COUNTIF(TaskTable[Delay Status],"Delayed") -> 2 | N5: To Do | O5: =COUNTIF(TaskTable[Status],"To Do") -> 3 | Q5: Critical | R5: =COUNTIF(TaskTable[Priority],"Critical") -> 2
N6: In Progress | O6: =COUNTIF(TaskTable[Status],"In Progress") -> 9 | Q6: High | R6: =COUNTIF(TaskTable[Priority],"High") -> 5
A7: Overall Completion Rate | N7: On Hold | O7: =COUNTIF(TaskTable[Status],"On Hold") -> 1 | Q7: Medium | R7: =COUNTIF(TaskTable[Priority],"Medium") -> 5
A8: =IFERROR(COUNTIF(TaskTable[Status],"Completed")/COUNTA(TaskTable[Task ID]),0) -> 0.13333333 | N8: Completed | O8: =COUNTIF(TaskTable[Status],"Completed") -> 2 | Q8: Low | R8: =COUNTIF(TaskTable[Priority],"Low") -> 3
N9: Cancelled | O9: =COUNTIF(TaskTable[Status],"Cancelled") -> 0
N12: Employee | O12: Total | P12: Completed | R12: Week | S12: Tasks Due
N13: John | O13: =COUNTIF(TaskTable[Employee Name],"John Smith") -> 2 | P13: =COUNTIFS(TaskTable[Employee Name],"John Smith",TaskTable[Status],"Completed") -> 0 | R13: Week 30 | S13: =COUNTIFS(TaskTable[Due Date],">="&DATE(2026,7,20),TaskTable[Due Date],"<"&DATE(2026,7,27)) -> 0
N14: Emily | O14: =COUNTIF(TaskTable[Employee Name],"Emily Davis") -> 2 | P14: =COUNTIFS(TaskTable[Employee Name],"Emily Davis",TaskTable[Status],"Completed") -> 0 | R14: Week 31 | S14: =COUNTIFS(TaskTable[Due Date],">="&DATE(2026,7,27),TaskTable[Due Date],"<"&DATE(2026,8,3)) -> 0
N15: Michael | O15: =COUNTIF(TaskTable[Employee Name],"Michael Brown") -> 2 | P15: =COUNTIFS(TaskTable[Employee Name],"Michael Brown",TaskTable[Status],"Completed") -> 1 | R15: Week 32 | S15: =COUNTIFS(TaskTable[Due Date],">="&DATE(2026,8,3),TaskTable[Due Date],"<"&DATE(2026,8,10)) -> 2
N16: Sarah | O16: =COUNTIF(TaskTable[Employee Name],"Sarah Johnson") -> 2 | P16: =COUNTIFS(TaskTable[Employee Name],"Sarah Johnson",TaskTable[Status],"Completed") -> 1 | R16: Week 33 | S16: =COUNTIFS(TaskTable[Due Date],">="&DATE(2026,8,10),TaskTable[Due Date],"<"&DATE(2026,8,17)) -> 6
N17: David | O17: =COUNTIF(TaskTable[Employee Name],"David Wilson") -> 1 | P17: =COUNTIFS(TaskTable[Employee Name],"David Wilson",TaskTable[Status],"Completed") -> 0 | R17: Week 34 | S17: =COUNTIFS(TaskTable[Due Date],">="&DATE(2026,8,17),TaskTable[Due Date],"<"&DATE(2026,8,24)) -> 4
N18: Jessica | O18: =COUNTIF(TaskTable[Employee Name],"Jessica Lee") -> 2 | P18: =COUNTIFS(TaskTable[Employee Name],"Jessica Lee",TaskTable[Status],"Completed") -> 0 | R18: Week 35 | S18: =COUNTIFS(TaskTable[Due Date],">="&DATE(2026,8,24),TaskTable[Due Date],"<"&DATE(2026,8,31)) -> 3
N19: Robert | O19: =COUNTIF(TaskTable[Employee Name],"Robert Taylor") -> 1 | P19: =COUNTIFS(TaskTable[Employee Name],"Robert Taylor",TaskTable[Status],"Completed") -> 0
N20: Lisa | O20: =COUNTIF(TaskTable[Employee Name],"Lisa Anderson") -> 1 | P20: =COUNTIFS(TaskTable[Employee Name],"Lisa Anderson",TaskTable[Status],"Completed") -> 0
N21: James | O21: =COUNTIF(TaskTable[Employee Name],"James Martinez") -> 1 | P21: =COUNTIFS(TaskTable[Employee Name],"James Martinez",TaskTable[Status],"Completed") -> 0
N22: Amanda | O22: =COUNTIF(TaskTable[Employee Name],"Amanda White") -> 1 | P22: =COUNTIFS(TaskTable[Employee Name],"Amanda White",TaskTable[Status],"Completed") -> 0
A34: ⚠️ OVERDUE TASKS
A35: Task ID | B35: Employee | C35: Task Title | D35: Priority | E35: Due Date | F35: Days Overdue
A36: {=IFERROR(_xlfn._xlws.FILTER(_xlfn.HSTACK(TaskTable[Task ID],TaskTable[Employee Name],TaskTable[Task Title],TaskTable[Priority],TaskTable[Due Date],TODAY()-TaskTable[Due Date]),(TaskTable[Delay Status]="Delayed")*(TaskTable[Status]<>"Completed")*(TaskTable[Status]<>"Cancelled"),"No overdue tasks"),"")} -> TSK002 | B36: Emily Davis | C36: Bug Fixes | D36: Critical | E36: 46244 | F36: 1
A37: TSK007 | B37: Robert Taylor | C37: Financial Report | D37: High | E37: 46244 | F37: 1

Sheet Employee Master
A1: Employee ID | B1: Employee Name | C1: Department | D1: Designation | E1: Manager | F1: Email | G1: Joining Date | H1: Employment Status
A2: EMP001 | B2: John Smith | C2: Engineering | D2: Senior Developer | E2: Sarah Johnson | F2: john.smith@company.com | G2: 44635 | H2: Active
A3: EMP002 | B3: Emily Davis | C3: Engineering | D3: Developer | E3: John Smith | F3: emily.davis@company.com | G3: 44936 | H3: Active
A4: EMP003 | B4: Michael Brown | C4: Marketing | D4: Marketing Manager | E4: David Wilson | F4: michael.brown@company.com | G4: 44367 | H4: Active
A5: EMP004 | B5: Sarah Johnson | C5: Engineering | D5: Engineering Lead | E5: David Wilson | F5: sarah.johnson@company.com | G5: 44075 | H5: Active
A6: EMP005 | B6: David Wilson | C6: Management | D6: Director | F6: david.wilson@company.com | G6: 43480 | H6: Active
A7: EMP006 | B7: Jessica Lee | C7: HR | D7: HR Manager | E7: David Wilson | F7: jessica.lee@company.com | G7: 44255 | H7: Active
A8: EMP007 | B8: Robert Taylor | C8: Finance | D8: Financial Analyst | E8: Lisa Anderson | F8: robert.taylor@company.com | G8: 44747 | H8: Active
A9: EMP008 | B9: Lisa Anderson | C9: Finance | D9: Finance Manager | E9: David Wilson | F9: lisa.anderson@company.com | G9: 44145 | H9: Active
A10: EMP009 | B10: James Martinez | C10: Marketing | D10: Marketing Specialist | E10: Michael Brown | F10: james.martinez@company.com | G10: 45017 | H10: Active
A11: EMP010 | B11: Amanda White | C11: Engineering | D11: QA Engineer | E11: Sarah Johnson | F11: amanda.white@company.com | G11: 44849 | H11: Active

Sheet Task Management
A1: Task ID | B1: Employee ID | C1: Employee Name | D1: Department | E1: Task Title | F1: Task Description | G1: Priority | H1: Assigned Date | I1: Start Date | J1: Due Date | K1: Completed Date | L1: Status | M1: Progress % | N1: Estimated Hours | O1: Actual Hours | P1: Assigned By | Q1: Dependency | R1: Remarks | S1: Days Remaining | T1: Delay Status
A2: TSK001 | B2: EMP001 | C2: John Smith | D2: Engineering | E2: API Development | F2: Develop REST API endpoints for user module | G2: High | H2: 46235 | I2: 46236 | J2: 46249 | L2: In Progress | M2: 0.6 | N2: 40 | O2: 30 | P2: Sarah Johnson | R2: On track | S2: =IF(OR(TaskTable[[#This Row],[Status]]="Completed",TaskTable[[#This Row],[Status]]="Cancelled"),0,IF(TaskTable[[#This Row],[Due Date]]="","",MAX(0,TaskTable[[#This Row],[Due Date]]-TODAY()))) -> 4 | T2: =IF(TaskTable[[#This Row],[Status]]="Completed","Completed",IF(TaskTable[[#This Row],[Status]]="Cancelled","Cancelled",IF(TaskTable[[#This Row],[Due Date]]="","",IF(TaskTable[[#This Row],[Due Date]]<TODAY(),"Delayed",IF(TaskTable[[#This Row],[Due Date]]-TODAY()<=3,"Due Soon","On Track"))))) -> On Track
A3: TSK002 | B3: EMP002 | C3: Emily Davis | D3: Engineering | E3: Bug Fixes | F3: Fix critical bugs in payment module | G3: Critical | H3: 46237 | I3: 46237 | J3: 46244 | L3: In Progress | M3: 0.8 | N3: 16 | O3: 14 | P3: John Smith | Q3: TSK001 | R3: High priority | S3: =IF(OR(TaskTable[[#This Row],[Status]]="Completed",TaskTable[[#This Row],[Status]]="Cancelled"),0,IF(TaskTable[[#This Row],[Due Date]]="","",MAX(0,TaskTable[[#This Row],[Due Date]]-TODAY()))) -> 0 | T3: =IF(TaskTable[[#This Row],[Status]]="Completed","Completed",IF(TaskTable[[#This Row],[Status]]="Cancelled","Cancelled",IF(TaskTable[[#This Row],[Due Date]]="","",IF(TaskTable[[#This Row],[Due Date]]<TODAY(),"Delayed",IF(TaskTable[[#This Row],[Due Date]]-TODAY()<=3,"Due Soon","On Track"))))) -> Delayed
A4: TSK003 | B4: EMP003 | C4: Michael Brown | D4: Marketing | E4: Campaign Planning | F4: Q3 marketing campaign strategy | G4: High | H4: 46235 | I4: 46235 | J4: 46254 | L4: In Progress | M4: 0.45 | N4: 30 | O4: 15 | P4: David Wilson | S4: =IF(OR(TaskTable[[#This Row],[Status]]="Completed",TaskTable[[#This Row],[Status]]="Cancelled"),0,IF(TaskTable[[#This Row],[Due Date]]="","",MAX(0,TaskTable[[#This Row],[Due Date]]-TODAY()))) -> 9 | T4: =IF(TaskTable[[#This Row],[Status]]="Completed","Completed",IF(TaskTable[[#This Row],[Status]]="Cancelled","Cancelled",IF(TaskTable[[#This Row],[Due Date]]="","",IF(TaskTable[[#This Row],[Due Date]]<TODAY(),"Delayed",IF(TaskTable[[#This Row],[Due Date]]-TODAY()<=3,"Due Soon","On Track"))))) -> On Track
A5: TSK004 | B5: EMP004 | C5: Sarah Johnson | D5: Engineering | E5: Architecture Review | F5: Review system architecture for scalability | G5: Medium | H5: 46228 | I5: 46229 | J5: 46242 | K5: 46241 | L5: Completed | M5: 1 | N5: 20 | O5: 18 | P5: David Wilson | R5: Completed early | S5: =IF(OR(TaskTable[[#This Row],[Status]]="Completed",TaskTable[[#This Row],[Status]]="Cancelled"),0,IF(TaskTable[[#This Row],[Due Date]]="","",MAX(0,TaskTable[[#This Row],[Due Date]]-TODAY()))) -> 0 | T5: =IF(TaskTable[[#This Row],[Status]]="Completed","Completed",IF(TaskTable[[#This Row],[Status]]="Cancelled","Cancelled",IF(TaskTable[[#This Row],[Due Date]]="","",IF(TaskTable[[#This Row],[Due Date]]<TODAY(),"Delayed",IF(TaskTable[[#This Row],[Due Date]]-TODAY()<=3,"Due Soon","On Track"))))) -> Completed
A6: TSK005 | B6: EMP005 | C6: David Wilson | D6: Management | E6: Budget Review | F6: Q3 budget review and approval | G6: High | H6: 46239 | I6: 46240 | J6: 46246 | L6: In Progress | M6: 0.5 | N6: 10 | O6: 5 | S6: =IF(OR(TaskTable[[#This Row],[Status]]="Completed",TaskTable[[#This Row],[Status]]="Cancelled"),0,IF(TaskTable[[#This Row],[Due Date]]="","",MAX(0,TaskTable[[#This Row],[Due Date]]-TODAY()))) -> 1 | T6: =IF(TaskTable[[#This Row],[Status]]="Completed","Completed",IF(TaskTable[[#This Row],[Status]]="Cancelled","Cancelled",IF(TaskTable[[#This Row],[Due Date]]="","",IF(TaskTable[[#This Row],[Due Date]]<TODAY(),"Delayed",IF(TaskTable[[#This Row],[Due Date]]-TODAY()<=3,"Due Soon","On Track"))))) -> Due Soon
A7: TSK006 | B7: EMP006 | C7: Jessica Lee | D7: HR | E7: Recruitment Drive | F7: Hire 5 new developers | G7: Medium | H7: 46218 | I7: 46219 | J7: 46264 | L7: In Progress | M7: 0.4 | N7: 60 | O7: 25 | P7: David Wilson | S7: =IF(OR(TaskTable[[#This Row],[Status]]="Completed",TaskTable[[#This Row],[Status]]="Cancelled"),0,IF(TaskTable[[#This Row],[Due Date]]="","",MAX(0,TaskTable[[#This Row],[Due Date]]-TODAY()))) -> 19 | T7: =IF(TaskTable[[#This Row],[Status]]="Completed","Completed",IF(TaskTable[[#This Row],[Status]]="Cancelled","Cancelled",IF(TaskTable[[#This Row],[Due Date]]="","",IF(TaskTable[[#This Row],[Due Date]]<TODAY(),"Delayed",IF(TaskTable[[#This Row],[Due Date]]-TODAY()<=3,"Due Soon","On Track"))))) -> On Track
A8: TSK007 | B8: EMP007 | C8: Robert Taylor | D8: Finance | E8: Financial Report | F8: Prepare monthly financial report | G8: High | H8: 46235 | I8: 46236 | J8: 46244 | L8: To Do | M8: 0 | N8: 15 | O8: 0 | P8: Lisa Anderson | R8: Not started | S8: =IF(OR(TaskTable[[#This Row],[Status]]="Completed",TaskTable[[#This Row],[Status]]="Cancelled"),0,IF(TaskTable[[#This Row],[Due Date]]="","",MAX(0,TaskTable[[#This Row],[Due Date]]-TODAY()))) -> 0 | T8: =IF(TaskTable[[#This Row],[Status]]="Completed","Completed",IF(TaskTable[[#This Row],[Status]]="Cancelled","Cancelled",IF(TaskTable[[#This Row],[Due Date]]="","",IF(TaskTable[[#This Row],[Due Date]]<TODAY(),"Delayed",IF(TaskTable[[#This Row],[Due Date]]-TODAY()<=3,"Due Soon","On Track"))))) -> Delayed
A9: TSK008 | B9: EMP008 | C9: Lisa Anderson | D9: Finance | E9: Audit Preparation | F9: Prepare documents for annual audit | G9: Critical | H9: 46223 | I9: 46224 | J9: 46249 | L9: In Progress | M9: 0.7 | N9: 50 | O9: 40 | P9: David Wilson | S9: =IF(OR(TaskTable[[#This Row],[Status]]="Completed",TaskTable[[#This Row],[Status]]="Cancelled"),0,IF(TaskTable[[#This Row],[Due Date]]="","",MAX(0,TaskTable[[#This Row],[Due Date]]-TODAY()))) -> 4 | T9: =IF(TaskTable[[#This Row],[Status]]="Completed","Completed",IF(TaskTable[[#This Row],[Status]]="Cancelled","Cancelled",IF(TaskTable[[#This Row],[Due Date]]="","",IF(TaskTable[[#This Row],[Due Date]]<TODAY(),"Delayed",IF(TaskTable[[#This Row],[Due Date]]-TODAY()<=3,"Due Soon","On Track"))))) -> On Track
A10: TSK009 | B10: EMP009 | C10: James Martinez | D10: Marketing | E10: Social Media | F10: Execute social media campaign | G10: Low | H10: 46239 | I10: 46240 | J10: 46259 | L10: To Do | M10: 0 | N10: 20 | O10: 0 | P10: Michael Brown | Q10: TSK003 | R10: Waiting for campaign approval | S10: =IF(OR(TaskTable[[#This Row],[Status]]="Completed",TaskTable[[#This Row],[Status]]="Cancelled"),0,IF(TaskTable[[#This Row],[Due Date]]="","",MAX(0,TaskTable[[#This Row],[Due Date]]-TODAY()))) -> 14 | T10: =IF(TaskTable[[#This Row],[Status]]="Completed","Completed",IF(TaskTable[[#This Row],[Status]]="Cancelled","Cancelled",IF(TaskTable[[#This Row],[Due Date]]="","",IF(TaskTable[[#This Row],[Due Date]]<TODAY(),"Delayed",IF(TaskTable[[#This Row],[Due Date]]-TODAY()<=3,"Due Soon","On Track"))))) -> On Track
A11: TSK010 | B11: EMP010 | C11: Amanda White | D11: Engineering | E11: Test Automation | F11: Create automated test suite | G11: Medium | H11: 46235 | I11: 46236 | J11: 46252 | L11: In Progress | M11: 0.55 | N11: 35 | O11: 20 | P11: Sarah Johnson | Q11: TSK001 | S11: =IF(OR(TaskTable[[#This Row],[Status]]="Completed",TaskTable[[#This Row],[Status]]="Cancelled"),0,IF(TaskTable[[#This Row],[Due Date]]="","",MAX(0,TaskTable[[#This Row],[Due Date]]-TODAY()))) -> 7 | T11: =IF(TaskTable[[#This Row],[Status]]="Completed","Completed",IF(TaskTable[[#This Row],[Status]]="Cancelled","Cancelled",IF(TaskTable[[#This Row],[Due Date]]="","",IF(TaskTable[[#This Row],[Due Date]]<TODAY(),"Delayed",IF(TaskTable[[#This Row],[Due Date]]-TODAY()<=3,"Due Soon","On Track"))))) -> On Track
A12: TSK011 | B12: EMP001 | C12: John Smith | D12: Engineering | E12: Code Review | F12: Review code for new features | G12: Medium | H12: 46242 | I12: 46243 | J12: 46248 | L12: To Do | M12: 0 | N12: 8 | O12: 0 | P12: Sarah Johnson | S12: =IF(OR(TaskTable[[#This Row],[Status]]="Completed",TaskTable[[#This Row],[Status]]="Cancelled"),0,IF(TaskTable[[#This Row],[Due Date]]="","",MAX(0,TaskTable[[#This Row],[Due Date]]-TODAY()))) -> 3 | T12: =IF(TaskTable[[#This Row],[Status]]="Completed","Completed",IF(TaskTable[[#This Row],[Status]]="Cancelled","Cancelled",IF(TaskTable[[#This Row],[Due Date]]="","",IF(TaskTable[[#This Row],[Due Date]]<TODAY(),"Delayed",IF(TaskTable[[#This Row],[Due Date]]-TODAY()<=3,"Due Soon","On Track"))))) -> Due Soon
A13: TSK012 | B13: EMP002 | C13: Emily Davis | D13: Engineering | E13: Documentation | F13: Update API documentation | G13: Low | H13: 46240 | I13: 46241 | J13: 46254 | L13: On Hold | M13: 0.2 | N13: 12 | O13: 3 | P13: John Smith | Q13: TSK001 | R13: Waiting for API completion | S13: =IF(OR(TaskTable[[#This Row],[Status]]="Completed",TaskTable[[#This Row],[Status]]="Cancelled"),0,IF(TaskTable[[#This Row],[Due Date]]="","",MAX(0,TaskTable[[#This Row],[Due Date]]-TODAY()))) -> 9 | T13: =IF(TaskTable[[#This Row],[Status]]="Completed","Completed",IF(TaskTable[[#This Row],[Status]]="Cancelled","Cancelled",IF(TaskTable[[#This Row],[Due Date]]="","",IF(TaskTable[[#This Row],[Due Date]]<TODAY(),"Delayed",IF(TaskTable[[#This Row],[Due Date]]-TODAY()<=3,"Due Soon","On Track"))))) -> On Track
A14: TSK013 | B14: EMP003 | C14: Michael Brown | D14: Marketing | E14: Competitor Analysis | F14: Analyze competitor marketing strategies | G14: High | H14: 46231 | I14: 46232 | J14: 46239 | K14: 46240 | L14: Completed | M14: 1 | N14: 25 | O14: 28 | P14: David Wilson | R14: Completed with delay | S14: =IF(OR(TaskTable[[#This Row],[Status]]="Completed",TaskTable[[#This Row],[Status]]="Cancelled"),0,IF(TaskTable[[#This Row],[Due Date]]="","",MAX(0,TaskTable[[#This Row],[Due Date]]-TODAY()))) -> 0 | T14: =IF(TaskTable[[#This Row],[Status]]="Completed","Completed",IF(TaskTable[[#This Row],[Status]]="Cancelled","Cancelled",IF(TaskTable[[#This Row],[Due Date]]="","",IF(TaskTable[[#This Row],[Due Date]]<TODAY(),"Delayed",IF(TaskTable[[#This Row],[Due Date]]-TODAY()<=3,"Due Soon","On Track"))))) -> Completed
A15: TSK014 | B15: EMP004 | C15: Sarah Johnson | D15: Engineering | E15: Team Training | F15: Conduct training on new tools | G15: Medium | H15: 46244 | I15: 46245 | J15: 46251 | L15: In Progress | M15: 0.3 | N15: 16 | O15: 5 | P15: David Wilson | S15: =IF(OR(TaskTable[[#This Row],[Status]]="Completed",TaskTable[[#This Row],[Status]]="Cancelled"),0,IF(TaskTable[[#This Row],[Due Date]]="","",MAX(0,TaskTable[[#This Row],[Due Date]]-TODAY()))) -> 6 | T15: =IF(TaskTable[[#This Row],[Status]]="Completed","Completed",IF(TaskTable[[#This Row],[Status]]="Cancelled","Cancelled",IF(TaskTable[[#This Row],[Due Date]]="","",IF(TaskTable[[#This Row],[Due Date]]<TODAY(),"Delayed",IF(TaskTable[[#This Row],[Due Date]]-TODAY()<=3,"Due Soon","On Track"))))) -> On Track
A16: TSK015 | B16: EMP006 | C16: Jessica Lee | D16: HR | E16: Policy Update | F16: Update employee handbook | G16: Low | H16: 46235 | I16: 46236 | J16: 46264 | L16: In Progress | M16: 0.25 | N16: 20 | O16: 5 | P16: David Wilson | S16: =IF(OR(TaskTable[[#This Row],[Status]]="Completed",TaskTable[[#This Row],[Status]]="Cancelled"),0,IF(TaskTable[[#This Row],[Due Date]]="","",MAX(0,TaskTable[[#This Row],[Due Date]]-TODAY()))) -> 19 | T16: =IF(TaskTable[[#This Row],[Status]]="Completed","Completed",IF(TaskTable[[#This Row],[Status]]="Cancelled","Cancelled",IF(TaskTable[[#This Row],[Due Date]]="","",IF(TaskTable[[#This Row],[Due Date]]<TODAY(),"Delayed",IF(TaskTable[[#This Row],[Due Date]]-TODAY()<=3,"Due Soon","On Track"))))) -> On Track

Sheet Weekly Task View
A1: Weekly Task View
A2: Current Week: | B2: =WEEKNUM(TODAY()) -> 33
A4: Week | B4: Employee Name | C4: Task Title | D4: Priority | E4: Status | F4: Progress % | G4: Due Date | H4: Est. Hours
A5: =IFERROR(WEEKNUM('Task Management'!J2),"") -> 33 | B5: =IFERROR('Task Management'!C2,"") -> John Smith | C5: =IFERROR('Task Management'!E2,"") -> API Development | D5: =IFERROR('Task Management'!G2,"") -> High | E5: =IFERROR('Task Management'!L2,"") -> In Progress | F5: =IFERROR('Task Management'!M2,"") -> 0.6 | G5: =IFERROR('Task Management'!J2,"") -> 46249 | H5: =IFERROR('Task Management'!N2,"") -> 40
A6: =IFERROR(WEEKNUM('Task Management'!J3),"") -> 33 | B6: =IFERROR('Task Management'!C3,"") -> Emily Davis | C6: =IFERROR('Task Management'!E3,"") -> Bug Fixes | D6: =IFERROR('Task Management'!G3,"") -> Critical | E6: =IFERROR('Task Management'!L3,"") -> In Progress | F6: =IFERROR('Task Management'!M3,"") -> 0.8 | G6: =IFERROR('Task Management'!J3,"") -> 46244 | H6: =IFERROR('Task Management'!N3,"") -> 16
A7: =IFERROR(WEEKNUM('Task Management'!J4),"") -> 34 | B7: =IFERROR('Task Management'!C4,"") -> Michael Brown | C7: =IFERROR('Task Management'!E4,"") -> Campaign Planning | D7: =IFERROR('Task Management'!G4,"") -> High | E7: =IFERROR('Task Management'!L4,"") -> In Progress | F7: =IFERROR('Task Management'!M4,"") -> 0.45 | G7: =IFERROR('Task Management'!J4,"") -> 46254 | H7: =IFERROR('Task Management'!N4,"") -> 30
A8: =IFERROR(WEEKNUM('Task Management'!J5),"") -> 32 | B8: =IFERROR('Task Management'!C5,"") -> Sarah Johnson | C8: =IFERROR('Task Management'!E5,"") -> Architecture Review | D8: =IFERROR('Task Management'!G5,"") -> Medium | E8: =IFERROR('Task Management'!L5,"") -> Completed | F8: =IFERROR('Task Management'!M5,"") -> 1 | G8: =IFERROR('Task Management'!J5,"") -> 46242 | H8: =IFERROR('Task Management'!N5,"") -> 20
A9: =IFERROR(WEEKNUM('Task Management'!J6),"") -> 33 | B9: =IFERROR('Task Management'!C6,"") -> David Wilson | C9: =IFERROR('Task Management'!E6,"") -> Budget Review | D9: =IFERROR('Task Management'!G6,"") -> High | E9: =IFERROR('Task Management'!L6,"") -> In Progress | F9: =IFERROR('Task Management'!M6,"") -> 0.5 | G9: =IFERROR('Task Management'!J6,"") -> 46246 | H9: =IFERROR('Task Management'!N6,"") -> 10
A10: =IFERROR(WEEKNUM('Task Management'!J7),"") -> 36 | B10: =IFERROR('Task Management'!C7,"") -> Jessica Lee | C10: =IFERROR('Task Management'!E7,"") -> Recruitment Drive | D10: =IFERROR('Task Management'!G7,"") -> Medium | E10: =IFERROR('Task Management'!L7,"") -> In Progress | F10: =IFERROR('Task Management'!M7,"") -> 0.4 | G10: =IFERROR('Task Management'!J7,"") -> 46264 | H10: =IFERROR('Task Management'!N7,"") -> 60
A11: =IFERROR(WEEKNUM('Task Management'!J8),"") -> 33 | B11: =IFERROR('Task Management'!C8,"") -> Robert Taylor | C11: =IFERROR('Task Management'!E8,"") -> Financial Report | D11: =IFERROR('Task Management'!G8,"") -> High | E11: =IFERROR('Task Management'!L8,"") -> To Do | F11: =IFERROR('Task Management'!M8,"") -> 0 | G11: =IFERROR('Task Management'!J8,"") -> 46244 | H11: =IFERROR('Task Management'!N8,"") -> 15
A12: =IFERROR(WEEKNUM('Task Management'!J9),"") -> 33 | B12: =IFERROR('Task Management'!C9,"") -> Lisa Anderson | C12: =IFERROR('Task Management'!E9,"") -> Audit Preparation | D12: =IFERROR('Task Management'!G9,"") -> Critical | E12: =IFERROR('Task Management'!L9,"") -> In Progress | F12: =IFERROR('Task Management'!M9,"") -> 0.7 | G12: =IFERROR('Task Management'!J9,"") -> 46249 | H12: =IFERROR('Task Management'!N9,"") -> 50
A13: =IFERROR(WEEKNUM('Task Management'!J10),"") -> 35 | B13: =IFERROR('Task Management'!C10,"") -> James Martinez | C13: =IFERROR('Task Management'!E10,"") -> Social Media | D13: =IFERROR('Task Management'!G10,"") -> Low | E13: =IFERROR('Task Management'!L10,"") -> To Do | F13: =IFERROR('Task Management'!M10,"") -> 0 | G13: =IFERROR('Task Management'!J10,"") -> 46259 | H13: =IFERROR('Task Management'!N10,"") -> 20
A14: =IFERROR(WEEKNUM('Task Management'!J11),"") -> 34 | B14: =IFERROR('Task Management'!C11,"") -> Amanda White | C14: =IFERROR('Task Management'!E11,"") -> Test Automation | D14: =IFERROR('Task Management'!G11,"") -> Medium | E14: =IFERROR('Task Management'!L11,"") -> In Progress | F14: =IFERROR('Task Management'!M11,"") -> 0.55 | G14: =IFERROR('Task Management'!J11,"") -> 46252 | H14: =IFERROR('Task Management'!N11,"") -> 35
A15: =IFERROR(WEEKNUM('Task Management'!J12),"") -> 33 | B15: =IFERROR('Task Management'!C12,"") -> John Smith | C15: =IFERROR('Task Management'!E12,"") -> Code Review | D15: =IFERROR('Task Management'!G12,"") -> Medium | E15: =IFERROR('Task Management'!L12,"") -> To Do | F15: =IFERROR('Task Management'!M12,"") -> 0 | G15: =IFERROR('Task Management'!J12,"") -> 46248 | H15: =IFERROR('Task Management'!N12,"") -> 8
A16: =IFERROR(WEEKNUM('Task Management'!J13),"") -> 34 | B16: =IFERROR('Task Management'!C13,"") -> Emily Davis | C16: =IFERROR('Task Management'!E13,"") -> Documentation | D16: =IFERROR('Task Management'!G13,"") -> Low | E16: =IFERROR('Task Management'!L13,"") -> On Hold | F16: =IFERROR('Task Management'!M13,"") -> 0.2 | G16: =IFERROR('Task Management'!J13,"") -> 46254 | H16: =IFERROR('Task Management'!N13,"") -> 12
... A19: =IFERROR(WEEKNUM('Task Management'!J16),"") -> 36 | B19: =IFERROR('Task Management'!C16,"") -> Jessica Lee | C19: =IFERROR('Task Management'!E16,"") -> Policy Update | D19: =IFERROR('Task Management'!G16,"") -> Low | E19: =IFERROR('Task Management'!L16,"") -> In Progress | F19: =IFERROR('Task Management'!M16,"") -> 0.25 | G19: =IFERROR('Task Management'!J16,"") -> 46264 | H19: =IFERROR('Task Management'!N16,"") -> 20

Sheet Monthly Summary
A1: Monthly Employee Performance Summary
A2: Report Month: | B2: =TEXT(TODAY(),"MMMM YYYY") -> August 2026
A4: Employee Name | B4: Total Tasks | C4: Completed Tasks | D4: In Progress Tasks | E4: Pending Tasks | F4: Delayed Tasks | G4: Completion Rate % | H4: Total Est. Hours | I4: Total Actual Hours
A5: John Smith | B5: =COUNTIF(TaskTable[Employee Name],"John Smith") -> 2 | C5: =COUNTIFS(TaskTable[Employee Name],"John Smith",TaskTable[Status],"Completed") -> 0 | D5: =COUNTIFS(TaskTable[Employee Name],"John Smith",TaskTable[Status],"In Progress") -> 1 | E5: =COUNTIFS(TaskTable[Employee Name],"John Smith",TaskTable[Status],"To Do")+COUNTIFS(TaskTable[Employee Name],"John Smith",TaskTable[Status],"On Hold") -> 1 | F5: =COUNTIFS(TaskTable[Employee Name],"John Smith",TaskTable[Delay Status],"Delayed") -> 0 | G5: =IFERROR(COUNTIFS(TaskTable[Employee Name],"John Smith",TaskTable[Status],"Completed")/COUNTIF(TaskTable[Employee Name],"John Smith"),0) -> 0 | H5: =SUMIF(TaskTable[Employee Name],"John Smith",TaskTable[Estimated Hours]) -> 48 | I5: =SUMIF(TaskTable[Employee Name],"John Smith",TaskTable[Actual Hours]) -> 30
A6: Emily Davis | B6: =COUNTIF(TaskTable[Employee Name],"Emily Davis") -> 2 | C6: =COUNTIFS(TaskTable[Employee Name],"Emily Davis",TaskTable[Status],"Completed") -> 0 | D6: =COUNTIFS(TaskTable[Employee Name],"Emily Davis",TaskTable[Status],"In Progress") -> 1 | E6: =COUNTIFS(TaskTable[Employee Name],"Emily Davis",TaskTable[Status],"To Do")+COUNTIFS(TaskTable[Employee Name],"Emily Davis",TaskTable[Status],"On Hold") -> 1 | F6: =COUNTIFS(TaskTable[Employee Name],"Emily Davis",TaskTable[Delay Status],"Delayed") -> 1 | G6: =IFERROR(COUNTIFS(TaskTable[Employee Name],"Emily Davis",TaskTable[Status],"Completed")/COUNTIF(TaskTable[Employee Name],"Emily Davis"),0) -> 0 | H6: =SUMIF(TaskTable[Employee Name],"Emily Davis",TaskTable[Estimated Hours]) -> 28 | I6: =SUMIF(TaskTable[Employee Name],"Emily Davis",TaskTable[Actual Hours]) -> 17
A7: Michael Brown | B7: =COUNTIF(TaskTable[Employee Name],"Michael Brown") -> 2 | C7: =COUNTIFS(TaskTable[Employee Name],"Michael Brown",TaskTable[Status],"Completed") -> 1 | D7: =COUNTIFS(TaskTable[Employee Name],"Michael Brown",TaskTable[Status],"In Progress") -> 1 | E7: =COUNTIFS(TaskTable[Employee Name],"Michael Brown",TaskTable[Status],"To Do")+COUNTIFS(TaskTable[Employee Name],"Michael Brown",TaskTable[Status],"On Hold") -> 0 | F7: =COUNTIFS(TaskTable[Employee Name],"Michael Brown",TaskTable[Delay Status],"Delayed") -> 0 | G7: =IFERROR(COUNTIFS(TaskTable[Employee Name],"Michael Brown",TaskTable[Status],"Completed")/COUNTIF(TaskTable[Employee Name],"Michael Brown"),0) -> 0.5 | H7: =SUMIF(TaskTable[Employee Name],"Michael Brown",TaskTable[Estimated Hours]) -> 55 | I7: =SUMIF(TaskTable[Employee Name],"Michael Brown",TaskTable[Actual Hours]) -> 43
A8: Sarah Johnson | B8: =COUNTIF(TaskTable[Employee Name],"Sarah Johnson") -> 2 | C8: =COUNTIFS(TaskTable[Employee Name],"Sarah Johnson",TaskTable[Status],"Completed") -> 1 | D8: =COUNTIFS(TaskTable[Employee Name],"Sarah Johnson",TaskTable[Status],"In Progress") -> 1 | E8: =COUNTIFS(TaskTable[Employee Name],"Sarah Johnson",TaskTable[Status],"To Do")+COUNTIFS(TaskTable[Employee Name],"Sarah Johnson",TaskTable[Status],"On Hold") -> 0 | F8: =COUNTIFS(TaskTable[Employee Name],"Sarah Johnson",TaskTable[Delay Status],"Delayed") -> 0 | G8: =IFERROR(COUNTIFS(TaskTable[Employee Name],"Sarah Johnson",TaskTable[Status],"Completed")/COUNTIF(TaskTable[Employee Name],"Sarah Johnson"),0) -> 0.5 | H8: =SUMIF(TaskTable[Employee Name],"Sarah Johnson",TaskTable[Estimated Hours]) -> 36 | I8: =SUMIF(TaskTable[Employee Name],"Sarah Johnson",TaskTable[Actual Hours]) -> 23
A9: David Wilson | B9: =COUNTIF(TaskTable[Employee Name],"David Wilson") -> 1 | C9: =COUNTIFS(TaskTable[Employee Name],"David Wilson",TaskTable[Status],"Completed") -> 0 | D9: =COUNTIFS(TaskTable[Employee Name],"David Wilson",TaskTable[Status],"In Progress") -> 1 | E9: =COUNTIFS(TaskTable[Employee Name],"David Wilson",TaskTable[Status],"To Do")+COUNTIFS(TaskTable[Employee Name],"David Wilson",TaskTable[Status],"On Hold") -> 0 | F9: =COUNTIFS(TaskTable[Employee Name],"David Wilson",TaskTable[Delay Status],"Delayed") -> 0 | G9: =IFERROR(COUNTIFS(TaskTable[Employee Name],"David Wilson",TaskTable[Status],"Completed")/COUNTIF(TaskTable[Employee Name],"David Wilson"),0) -> 0 | H9: =SUMIF(TaskTable[Employee Name],"David Wilson",TaskTable[Estimated Hours]) -> 10 | I9: =SUMIF(TaskTable[Employee Name],"David Wilson",TaskTable[Actual Hours]) -> 5
A10: Jessica Lee | B10: =COUNTIF(TaskTable[Employee Name],"Jessica Lee") -> 2 | C10: =COUNTIFS(TaskTable[Employee Name],"Jessica Lee",TaskTable[Status],"Completed") -> 0 | D10: =COUNTIFS(TaskTable[Employee Name],"Jessica Lee",TaskTable[Status],"In Progress") -> 2 | E10: =COUNTIFS(TaskTable[Employee Name],"Jessica Lee",TaskTable[Status],"To Do")+COUNTIFS(TaskTable[Employee Name],"Jessica Lee",TaskTable[Status],"On Hold") -> 0 | F10: =COUNTIFS(TaskTable[Employee Name],"Jessica Lee",TaskTable[Delay Status],"Delayed") -> 0 | G10: =IFERROR(COUNTIFS(TaskTable[Employee Name],"Jessica Lee",TaskTable[Status],"Completed")/COUNTIF(TaskTable[Employee Name],"Jessica Lee"),0) -> 0 | H10: =SUMIF(TaskTable[Employee Name],"Jessica Lee",TaskTable[Estimated Hours]) -> 80 | I10: =SUMIF(TaskTable[Employee Name],"Jessica Lee",TaskTable[Actual Hours]) -> 30
A11: Robert Taylor | B11: =COUNTIF(TaskTable[Employee Name],"Robert Taylor") -> 1 | C11: =COUNTIFS(TaskTable[Employee Name],"Robert Taylor",TaskTable[Status],"Completed") -> 0 | D11: =COUNTIFS(TaskTable[Employee Name],"Robert Taylor",TaskTable[Status],"In Progress") -> 0 | E11: =COUNTIFS(TaskTable[Employee Name],"Robert Taylor",TaskTable[Status],"To Do")+COUNTIFS(TaskTable[Employee Name],"Robert Taylor",TaskTable[Status],"On Hold") -> 1 | F11: =COUNTIFS(TaskTable[Employee Name],"Robert Taylor",TaskTable[Delay Status],"Delayed") -> 1 | G11: =IFERROR(COUNTIFS(TaskTable[Employee Name],"Robert Taylor",TaskTable[Status],"Completed")/COUNTIF(TaskTable[Employee Name],"Robert Taylor"),0) -> 0 | H11: =SUMIF(TaskTable[Employee Name],"Robert Taylor",TaskTable[Estimated Hours]) -> 15 | I11: =SUMIF(TaskTable[Employee Name],"Robert Taylor",TaskTable[Actual Hours]) -> 0
A12: Lisa Anderson | B12: =COUNTIF(TaskTable[Employee Name],"Lisa Anderson") -> 1 | C12: =COUNTIFS(TaskTable[Employee Name],"Lisa Anderson",TaskTable[Status],"Completed") -> 0 | D12: =COUNTIFS(TaskTable[Employee Name],"Lisa Anderson",TaskTable[Status],"In Progress") -> 1 | E12: =COUNTIFS(TaskTable[Employee Name],"Lisa Anderson",TaskTable[Status],"To Do")+COUNTIFS(TaskTable[Employee Name],"Lisa Anderson",TaskTable[Status],"On Hold") -> 0 | F12: =COUNTIFS(TaskTable[Employee Name],"Lisa Anderson",TaskTable[Delay Status],"Delayed") -> 0 | G12: =IFERROR(COUNTIFS(TaskTable[Employee Name],"Lisa Anderson",TaskTable[Status],"Completed")/COUNTIF(TaskTable[Employee Name],"Lisa Anderson"),0) -> 0 | H12: =SUMIF(TaskTable[Employee Name],"Lisa Anderson",TaskTable[Estimated Hours]) -> 50 | I12: =SUMIF(TaskTable[Employee Name],"Lisa Anderson",TaskTable[Actual Hours]) -> 40
A13: James Martinez | B13: =COUNTIF(TaskTable[Employee Name],"James Martinez") -> 1 | C13: =COUNTIFS(TaskTable[Employee Name],"James Martinez",TaskTable[Status],"Completed") -> 0 | D13: =COUNTIFS(TaskTable[Employee Name],"James Martinez",TaskTable[Status],"In Progress") -> 0 | E13: =COUNTIFS(TaskTable[Employee Name],"James Martinez",TaskTable[Status],"To Do")+COUNTIFS(TaskTable[Employee Name],"James Martinez",TaskTable[Status],"On Hold") -> 1 | F13: =COUNTIFS(TaskTable[Employee Name],"James Martinez",TaskTable[Delay Status],"Delayed") -> 0 | G13: =IFERROR(COUNTIFS(TaskTable[Employee Name],"James Martinez",TaskTable[Status],"Completed")/COUNTIF(TaskTable[Employee Name],"James Martinez"),0) -> 0 | H13: =SUMIF(TaskTable[Employee Name],"James Martinez",TaskTable[Estimated Hours]) -> 20 | I13: =SUMIF(TaskTable[Employee Name],"James Martinez",TaskTable[Actual Hours]) -> 0
A14: Amanda White | B14: =COUNTIF(TaskTable[Employee Name],"Amanda White") -> 1 | C14: =COUNTIFS(TaskTable[Employee Name],"Amanda White",TaskTable[Status],"Completed") -> 0 | D14: =COUNTIFS(TaskTable[Employee Name],"Amanda White",TaskTable[Status],"In Progress") -> 1 | E14: =COUNTIFS(TaskTable[Employee Name],"Amanda White",TaskTable[Status],"To Do")+COUNTIFS(TaskTable[Employee Name],"Amanda White",TaskTable[Status],"On Hold") -> 0 | F14: =COUNTIFS(TaskTable[Employee Name],"Amanda White",TaskTable[Delay Status],"Delayed") -> 0 | G14: =IFERROR(COUNTIFS(TaskTable[Employee Name],"Amanda White",TaskTable[Status],"Completed")/COUNTIF(TaskTable[Employee Name],"Amanda White"),0) -> 0 | H14: =SUMIF(TaskTable[Employee Name],"Amanda White",TaskTable[Estimated Hours]) -> 35 | I14: =SUMIF(TaskTable[Employee Name],"Amanda White",TaskTable[Actual Hours]) -> 20
A15: TOTAL | B15: =SUM(B5:B14) -> 15 | C15: =SUM(C5:C14) -> 2 | D15: =SUM(D5:D14) -> 9 | E15: =SUM(E5:E14) -> 4 | F15: =SUM(F5:F14) -> 2 | G15: =IFERROR(SUM(C5:C14)/SUM(B5:B14),0) -> 0.13333333 | H15: =SUM(H5:H14) -> 377 | I15: =SUM(I5:I14) -> 208
